Poloûka;»Ìslo souË·sti;QTY
1;RamPodlahy_67242BF0ADA9DB88BB220D683DA96CC6;1
1/1;NosnikPodlahovyH_Celo;2
1/2;ProfilL75x20;2
1/3;NosnikPodlahovyZesileny_D1EF89F15BC79906964785AE6AEB4C1D;2
1/3/1;NosnikPodlahovyH_Podelny;1
1/3/2;VyztuhaC;1
1/4;NosnikSpodniPricnyOmegaAssy_97D1296B2B522451DD811029B27CE622;11
1/4/1;NosnikSpodniPricnyOmega;2
1/4/2;DrzakPodlahovehoPlechuOmega;1
1/4/2/1;mojeTesty-1/4/2/1 qty?=11;1
1/4/2/2;DrzakPodlahovehoPlechuOmega;1
1/4/2/3;mojeTesty-1/4/2/3 qty?=22;2
1/4/2/3/100;mojeTesty-1/4/2/100 qty?=22;1
1/4/2/3/101;mojeTesty-1/4/2/100 qty?=44;2
1/5;SpodniKostkaLeva_FDAE338C3D50544E3E9554A23F056275;2
1/5/1;ProfilLIsoKostkySpodniLevy;1
1/5/2;IsoPlotna;1
1/5/3;IsoDeskaPlotnaHorniASpodniKostky;1
1/6;SpodniKostkaPrava_AE2A920535D08BE232E5F4416788F93C;2
1/6/1;ProfilLIsoKostkySpodniPravy;1
1/6/2;IsoPlotna;1
1/6/3;IsoDeskaPlotnaHorniASpodniKostky;1
1/7;DrzakPodlahoveIzolace;4
2;StojinaPrava_3F6CF28DE7DE140312604A4E42A9235A;5
2/1;ProfilStojinyPravy;1
2/2;Profil U,U30x60x30,P4x105,6-2555,Pz;2
2/3;Kulatina24;2
3;StojinaLeva_DC366C32A6CE6361775C78D5A4D9D8D0;2
3/1;Stojiny-Profil Levy-Pravy,ocelovy L182x162,P4x336,7-2599,5,Pz;1
3/2;Profil U,U30x60x30,P4x105,6-2555,Pz;2
3/3;Kulatina24;2
4;RamHorni v2_9593C94E70FE80319D9833F182399563;2
4/1;NosnikHorni_Celo_B7F65BD92A2EE153D5F9F6F6CF78F603;2
4/1/1;HorniCelo;1
4/1/2;RynaHorniPricnaG;1
4/1/3;DrzakPaneluP_Celo;1
4/1/4;ProfilZ_Celo;1
4/1/5;IsoDeskaPlotnaHorniASpodniKostky;2
4/2;NosnikHorniPodelny_2AE902E21BC3B0034519E52617209C0C;2
4/2/1;Nosnik Horni Podelny N 25x43x46x112x200,P4x397,2-5688 Pz;1
4/2/2;VyztuhaHorniPodelna;1
4/2/3;DrzakPaneluP_Podelny;1
4/2/4;ProfilZ_Podelny;1
4/3;NosnikHorniPricnyG;5
4/4;ProfilSdkC;5
4/5;IsoKostkaHorniL;2
4/6;IsoKostkaHorniP;2
4/7;ZavetrovaniHornihoRamu;4
5;Prostupy_A86D665B3F2323A4D808CE6968E78749;1
