Part number;QTY
RamPodlahy_67242BF0ADA9DB88BB220D683DA96CC6;1
NosnikPodlahovyH_Celo;2
ProfilL75x20;2
NosnikPodlahovyZesileny_D1EF89F15BC79906964785AE6AEB4C1D;2
NosnikPodlahovyH_Podelny;2
VyztuhaC;2
NosnikSpodniPricnyOmegaAssy_97D1296B2B522451DD811029B27CE622;11
NosnikSpodniPricnyOmega;22
DrzakPodlahovehoPlechuOmega;22
mojeTesty-1/4/2/1 qty?=11;11
mojeTesty-1/4/2/3 qty?=22;22
mojeTesty-1/4/2/100 qty?=22;22
mojeTesty-1/4/2/100 qty?=44;44
SpodniKostkaLeva_FDAE338C3D50544E3E9554A23F056275;2
ProfilLIsoKostkySpodniLevy;2
IsoPlotna;4
IsoDeskaPlotnaHorniASpodniKostky;12
SpodniKostkaPrava_AE2A920535D08BE232E5F4416788F93C;2
ProfilLIsoKostkySpodniPravy;2
DrzakPodlahoveIzolace;4
StojinaPrava_3F6CF28DE7DE140312604A4E42A9235A;5
ProfilStojinyPravy;5
Profil U,U30x60x30,P4x105,6-2555,Pz;14
Kulatina24;14
StojinaLeva_DC366C32A6CE6361775C78D5A4D9D8D0;2
Stojiny-Profil Levy-Pravy,ocelovy L182x162,P4x336,7-2599,5,Pz;2
RamHorni v2_9593C94E70FE80319D9833F182399563;2
NosnikHorni_Celo_B7F65BD92A2EE153D5F9F6F6CF78F603;4
HorniCelo;4
RynaHorniPricnaG;4
DrzakPaneluP_Celo;4
ProfilZ_Celo;4
NosnikHorniPodelny_2AE902E21BC3B0034519E52617209C0C;4
Nosnik Horni Podelny N 25x43x46x112x200,P4x397,2-5688 Pz;4
VyztuhaHorniPodelna;4
DrzakPaneluP_Podelny;4
ProfilZ_Podelny;4
NosnikHorniPricnyG;10
ProfilSdkC;10
IsoKostkaHorniL;4
IsoKostkaHorniP;4
ZavetrovaniHornihoRamu;8
Prostupy_A86D665B3F2323A4D808CE6968E78749;1
